-0.00230407,1.43102
-0.00205323,
0.00346943,1.42525
0.00501783,
0.00924293,1.41947
0.0120889,
0.0150164,1.4137
0.01916,
0.0207899,1.40793
0.026231,
0.0265634,1.40215
0.0323369,1.39638
0.0333021,
0.0381104,1.39061
0.0403732,
0.043884,1.38483
0.0474442,
0.0496575,1.37906
0.0545153,
0.055431,1.37329
0.0612045,1.36751
0.0615864,
0.066978,1.36174
0.0686575,
0.0727515,1.35597
0.0757285,
0.078525,1.35019
0.0827996,
0.0842985,1.34442
0.0898707,
0.090072,1.33864
0.0958455,1.33287
0.0969417,
0.101619,1.3271
0.104013,
0.107392,1.32132
0.111084,
0.113166,1.31555
0.118155,
0.118939,1.30978
0.124713,1.304
0.125226,
0.130487,1.29823
0.132297,
0.13626,1.29246
0.139368,
0.142034,1.28668
0.146439,
0.147807,1.28091
0.15351,
0.153581,1.27514
0.159354,1.26936
0.160581,
0.165128,1.26359
0.167652,
0.170901,1.25782
0.174723,
0.176675,1.25204
0.181795,
0.182448,1.24627
0.188222,1.2405
0.188866,
0.193995,1.23472
0.195937,
0.199769,1.22895
0.203008,
0.205542,1.22317
0.210079,
0.211316,1.2174
0.217089,1.21163
0.21715,
0.222863,1.20585
0.224221,
0.228636,1.20008
0.231292,
0.23441,1.19431
0.238363,
0.240183,1.18853
0.245434,
0.245957,1.18276
0.25173,1.17699
0.252505,
0.257504,1.17121
0.259576,
0.263277,1.16544
0.266647,
0.269051,1.15967
0.273718,
0.274824,1.15389
0.280598,1.14812
0.28079,
0.286371,1.14235
0.287861,
0.292145,1.13657
0.294932,
0.297918,1.1308
0.302003,
0.303692,1.12502
0.309074,
0.309465,1.11925
0.315239,1.11348
0.316145,
0.321012,1.1077
0.323216,
0.326786,1.10193
0.330287,
0.332559,1.09616
0.337358,
0.338333,1.09038
0.344106,1.08461
0.344429,
0.34988,1.07884
0.3515,
0.355653,1.07306
0.358571,
0.361427,1.06729
0.365642,
0.3672,1.06152
0.372713,
0.372974,1.05574
0.378747,1.04997
0.379784,
0.384521,1.0442
0.386856,
0.390294,1.03842
0.393927,
0.396068,1.03265
0.400998,
0.401841,1.02688
0.407615,1.0211
0.408069,
0.413388,1.01533
0.41514,
0.419162,1.00955
0.422211,
0.424935,1.00378
0.429282,
0.430709,0.998008
0.436353,
0.436482,0.992234
0.442256,0.986461
0.443424,
0.448029,0.980687
0.450495,
0.453803,0.974914
0.457566,
0.459576,0.96914
0.464637,
0.46535,0.963367
0.471123,0.957593
0.471708,
0.476897,0.95182
0.478779,
0.48267,0.946046
0.48585,
0.488444,0.940273
0.492914,
0.494208,0.934495
0.5,0.92873
0.5,0.92873
0.5,
0.505755,0.922948
0.511538,0.917179
0.517311,0.911405
0.523085,0.905632
0.528858,0.899858
0.534632,0.894085
0.540405,0.888311
0.546179,0.882538
0.551952,0.876764
0.557726,0.870991
0.563499,0.865217
0.569273,0.859444
0.575046,0.85367
0.58082,0.847897
0.586593,0.842123
0.592367,0.83635
0.59814,0.830576
0.603914,0.824803
0.609687,0.819029
0.615461,0.813256
0.621234,0.807482
0.627008,0.801709
0.632781,0.795935
0.638555,0.790162
0.644328,0.784388
0.650102,0.778615
0.655875,0.772841
0.661649,0.767068
0.667422,0.761294
0.673196,0.755521
0.678969,0.749747
0.684743,0.743974
0.690516,0.7382
0.69629,0.732427
0.702063,0.726653
0.707837,0.72088
0.71361,0.715106
0.719384,0.709333
0.725157,0.703559
0.730931,0.697786
0.736704,0.692012
0.742478,0.686239
0.748251,0.680465
0.754025,0.674692
0.759798,0.668918
0.765572,0.663145
0.771345,0.657371
0.777119,0.651598
0.782892,0.645824
0.788666,0.640051
0.794439,0.634277
0.800213,0.628504
0.805986,0.62273
0.81176,0.616957
0.817533,0.611183
0.823307,0.60541
0.82908,0.599636
0.834854,0.593863
0.840627,0.588089
0.846401,0.582316
0.852174,0.576542
0.857948,0.570769
0.863721,0.564995
0.869495,0.559222
0.875268,0.553448
0.881042,0.547675
0.886815,0.541901
0.892589,0.536128
0.898362,0.530354
0.904136,0.524581
0.909909,0.518807
0.915683,0.513034
0.921456,0.50726
0.92723,0.501487
0.933003,0.495713
0.938777,0.48994
0.94455,0.484166
0.950324,0.478393
0.956098,0.472619
0.961871,0.466846
0.967645,0.461072
0.973418,0.455299
0.979192,0.449525
0.984965,0.443752
0.990739,0.437978
0.996512,0.432205
1.00229,0.426431
1.00806,0.420658
1.01383,0.414884
1.01961,0.409111
1.02538,0.403337
1.03115,0.397564
1.03693,0.39179
1.0427,0.386017
1.04847,0.380243
1.05425,0.374469
1.06002,0.368696
1.06579,0.362922
1.07157,0.357149
1.07734,0.351375
1.08311,0.345602
1.08889,0.339828
1.09466,0.334055
1.10044,0.328281
1.10621,0.322508
1.11198,0.316734
1.11776,0.310961
1.12353,0.305187
1.1293,0.299414
1.13508,0.29364
1.14085,0.287867
1.14662,0.282093
1.1524,0.27632
1.15817,0.270546
1.16394,0.264773
1.16972,0.258999
1.17549,0.253226
1.18126,0.247452
1.18704,0.241679
1.19281,0.235905
1.19858,0.230132
1.20436,0.224358
1.21013,0.218585
1.21591,0.212811
1.22168,0.207038
1.22745,0.201264
1.23323,0.195491
1.239,0.189717
1.24477,0.183944
1.25055,0.17817
1.25632,0.172397
1.26209,0.166623
1.26787,0.16085
1.27364,0.155076
1.27941,0.149303
1.28519,0.143529
1.29096,0.137756
1.29673,0.131982
1.30251,0.126209
1.30828,0.120435
1.31405,0.114662
1.31983,0.108888
1.3256,0.103115
1.33138,0.0973413
1.33715,0.0915678
1.34292,0.0857943
1.3487,0.0800208
1.35447,0.0742473
1.36024,0.0684738
1.36602,0.0627003
1.37179,0.0569268
1.37756,0.0511533
1.38334,0.0453798
1.38911,0.0396063
1.39488,0.0338328
1.40066,0.0280593
1.40643,0.0222858
1.4122,0.0165123
1.41798,0.0107388
1.42375,0.00496529
1.42952,-0.000808218
1.4353,-0.00658172
1.44107,-0.0123552
1.44685,-0.0181287
1.45262,-0.0239022
1.45839,-0.0296757
1.46417,-0.0354492
1.46994,-0.0412227
1.47571,-0.0469962
1.48149,-0.0527697
1.48726,-0.0585433
1.49303,-0.0643168
1.49881,-0.0700903
1.50458,-0.0758638
1.51035,-0.0816373
1.51613,-0.0874108
1.5219,-0.0931843
1.52767,-0.0989578
1.53345,-0.104731
1.53922,-0.110505
1.54499,-0.116278
1.55077,-0.122052
1.55654,-0.127825
1.56232,-0.133599
1.56809,-0.139372
1.57386,-0.145146
1.57964,-0.150919
1.58541,-0.156693
1.59118,-0.162466
1.59696,-0.16824
1.60273,-0.174013
1.6085,-0.179787
1.61428,-0.18556
1.62005,-0.191334
1.62582,-0.197107
1.6316,-0.202881
1.63737,-0.208654
1.64314,-0.214428
1.64892,-0.220201
1.65469,-0.225975
1.66046,-0.231748
1.66624,-0.237522
1.67201,-0.243295
1.67779,-0.249069
1.68356,-0.254842
1.68933,-0.260616
1.69511,-0.266389
1.70088,-0.272163
1.70665,-0.277936
1.71243,-0.28371
1.7182,-0.289483
1.72397,-0.295257
1.72975,-0.30103
1.73552,-0.306804
1.74129,-0.312577
1.74707,-0.318351
1.75284,-0.324124
1.75861,-0.329898
1.76439,-0.335671
1.77016,-0.341445
1.77593,-0.347218
1.78171,-0.352992
1.78748,-0.358765
1.79326,-0.364539
1.79903,-0.370312
1.8048,-0.376086
1.81058,-0.381859
1.81635,-0.387633
1.82212,-0.393406
1.8279,-0.39918
1.83367,-0.404953
1.83944,-0.410727
1.84522,-0.4165
1.85099,-0.422274
1.85676,-0.428047
1.86254,-0.433821
1.86831,-0.439594
1.87408,-0.445368
1.87986,-0.451141
1.88563,-0.456915
1.89141,-0.462688
1.89718,-0.468462
1.90295,-0.474235
1.90873,-0.480009
1.9145,-0.485782
1.92027,-0.491556
1.92605,-0.497329
1.93182,-0.503103
1.93759,-0.508877
1.94337,-0.51465
1.94914,-0.520424
1.95491,-0.526197
1.96069,-0.531971
1.96646,-0.537744
1.97223,-0.543518
1.97801,-0.549291
1.98378,-0.555065
1.98955,-0.560838
1.99533,-0.566612
2.0011,-0.572385
2.00688,-0.578159
2.01265,-0.583932
2.01842,-0.589706
2.0242,-0.595479
2.02997,-0.601253
2.03574,-0.607026
2.04152,-0.6128
2.04729,-0.618573
2.05306,-0.624347
2.05884,-0.63012
2.06461,-0.635894
2.07038,-0.641667
2.07616,-0.647441
2.08193,-0.653214
2.0877,-0.658988
2.09348,-0.664761
2.09925,-0.670535
2.10502,-0.676308
2.1108,-0.682082
2.11657,-0.687855
2.12235,-0.693629
2.12812,-0.699402
2.13389,-0.705176
2.13967,-0.710949
2.14544,-0.716723
2.15121,-0.722496
2.15699,-0.72827
2.16276,-0.734043
2.16853,-0.739817
2.17431,-0.74559
2.18008,-0.751364
2.18585,-0.757137
2.19163,-0.762911
2.1974,-0.768684
2.20317,-0.774458
2.20895,-0.780231
2.21472,-0.786005
2.22049,-0.791778
2.22627,-0.797552
2.23204,-0.803325
2.23782,-0.809099
2.24359,-0.814872
2.24936,-0.820646
2.25514,-0.826419
2.26091,-0.832193
2.26668,-0.837966
2.27246,-0.84374
2.27823,-0.849513
2.284,-0.855287
2.28978,-0.86106
2.29555,-0.866834
2.30132,-0.872607
2.3071,-0.878381
2.31287,-0.884154
2.31864,-0.889928
2.32442,-0.895701
2.33019,-0.901475
2.33596,-0.907248
2.34174,-0.913022
2.34751,-0.918795
2.35329,-0.924569
2.35906,-0.930342
2.36483,-0.936116
2.37061,-0.941889
2.37638,-0.947663
2.38215,-0.953436
2.38793,-0.95921
2.3937,-0.964983
2.39947,-0.970757
2.40525,-0.97653
2.41102,-0.982304
2.41679,-0.988077
2.42257,-0.993851
2.42834,-0.999624
2.43411,-1.0054
2.43989,-1.01117
2.44566,-1.01694
2.45143,-1.02272
2.45721,-1.02849
2.46298,-1.03427
2.46876,-1.04004
2.47453,-1.04581
2.4803,-1.05159
2.48608,-1.05736
2.49185,-1.06313
2.49762,-1.06891
2.5034,-1.07468
2.50917,-1.08045
2.51494,-1.08623
2.52072,-1.092
2.52649,-1.09777
2.53226,-1.10355
2.53804,-1.10932
2.54381,-1.11509
2.54958,-1.12087
2.55536,-1.12664
2.56113,-1.13241
2.5669,-1.13819
2.57268,-1.14396
2.57845,-1.14974
2.58423,-1.15551
2.59,-1.16128
2.59577,-1.16706
2.60155,-1.17283
2.60732,-1.1786
2.61309,-1.18438
2.61887,-1.19015
2.62464,-1.19592
2.63041,-1.2017
2.63619,-1.20747
2.64196,-1.21324
2.64773,-1.21902
2.65351,-1.22479
2.65928,-1.23056
2.66505,-1.23634
2.67083,-1.24211
2.6766,-1.24788
2.68237,-1.25366
2.68815,-1.25943
2.69392,-1.26521
2.6997,-1.27098
2.70547,-1.27675
2.71124,-1.28253
2.71702,-1.2883
2.72279,-1.29407
2.72856,-1.29985
2.73434,-1.30562
2.74011,-1.31139
2.74588,-1.31717
2.75166,-1.32294
2.75743,-1.32871
2.7632,-1.33449
2.76898,-1.34026
2.77475,-1.34603
2.78052,-1.35181
2.7863,-1.35758
2.79207,-1.36335
2.79785,-1.36913
2.80362,-1.3749
2.80939,-1.38068
2.81517,-1.38645
2.82094,-1.39222
2.82671,-1.398
2.83249,-1.40377
2.83826,-1.40954
2.84403,-1.41532
2.84981,-1.42109
2.85558,-1.42686
2.86135,-1.43264
2.86713,-1.43841
2.8729,-1.44418
2.87867,-1.44996
2.88445,-1.45573
2.89022,-1.4615
2.89599,-1.46728
2.90177,-1.47305
2.90754,-1.47883
2.91332,-1.4846
2.91909,-1.49037
2.92486,-1.49615
2.93064,-1.50192
2.93641,-1.50769
2.94218,-1.51347
2.94796,-1.51924
2.95373,-1.52501
2.9595,-1.53079
2.96528,-1.53656
2.97105,-1.54233
2.97682,-1.54811
2.9826,-1.55388
2.98837,-1.55965
2.99414,-1.56543
2.99992,-1.5712
3.00569,-1.57697
3.01146,-1.58275
3.01724,-1.58852
3.02301,-1.5943
3.02879,-1.60007
3.03456,-1.60584
3.04033,-1.61162
3.04611,-1.61739
3.05188,-1.62316
3.05765,-1.62894
3.06343,-1.63471
3.0692,-1.64048
3.07497,-1.64626
3.08075,-1.65203
3.08652,-1.6578
3.09229,-1.66358
3.09807,-1.66935
3.10384,-1.67512
3.10961,-1.6809
3.11539,-1.68667
3.12116,-1.69244
3.12693,-1.69822
3.13271,-1.70399
3.13848,-1.70977
3.14426,-1.71554
3.15003,-1.72131
3.1558,-1.72709
3.16158,-1.73286
3.16735,-1.73863
3.17312,-1.74441
3.1789,-1.75018
3.18467,-1.75595
3.19044,-1.76173
3.19622,-1.7675
3.20199,-1.77327
3.20776,-1.77905
3.21354,-1.78482
3.21931,-1.79059
3.22508,-1.79637
3.23086,-1.80214
3.23663,-1.80791
3.2424,-1.81369
3.24818,-1.81946
3.25395,-1.82524
3.25973,-1.83101
3.2655,-1.83678
3.27127,-1.84256
3.27705,-1.84833
3.28282,-1.8541
3.28859,-1.85988
3.29437,-1.86565
3.30014,-1.87142
3.30591,-1.8772
3.31169,-1.88297
3.31746,-1.88874
3.32323,-1.89452
3.32901,-1.90029
3.33478,-1.90606
3.34055,-1.91184
3.34633,-1.91761
3.3521,-1.92338
3.35787,-1.92916
3.36365,-1.93493
3.36942,-1.94071
3.3752,-1.94648
3.38097,-1.95225
3.38674,-1.95803
3.39252,-1.9638
3.39829,-1.96957
3.40406,-1.97535
3.40984,-1.98112
3.41561,-1.98689
3.42138,-1.99267
3.42716,-1.99844
3.43293,-2.00421
3.4387,-2.00999
3.44448,-2.01576
3.45025,-2.02153
3.45602,-2.02731
3.4618,-2.03308
3.46757,-2.03885
3.47334,-2.04463
3.47912,-2.0504
3.48489,-2.05618
3.49067,-2.06195
3.49644,-2.06772
3.50221,-2.0735
3.50799,-2.07927
3.51376,-2.08504
3.51953,-2.09082
3.52531,-2.09659
3.53108,-2.10236
3.53685,-2.10814
3.54263,-2.11391
3.5484,-2.11968
3.55417,-2.12546
3.55995,-2.13123
3.56572,-2.137
3.57149,-2.14278
3.57727,-2.14855
3.58304,-2.15432
3.58881,-2.1601
3.59459,-2.16587
3.60036,-2.17165
3.60614,-2.17742
3.61191,-2.18319
3.61768,-2.18897
3.62346,-2.19474
3.62923,-2.20051
3.635,-2.20629
3.64078,-2.21206
3.64655,-2.21783
3.65232,-2.22361
3.6581,-2.22938
3.66387,-2.23515
3.66964,-2.24093
3.67542,-2.2467
3.68119,-2.25247
3.68696,-2.25825
3.69274,-2.26402
3.69851,-2.2698
3.70429,-2.27557
3.71006,-2.28134
3.71583,-2.28712
3.72161,-2.29289
3.72738,-2.29866
3.73315,-2.30444
3.73893,-2.31021
3.7447,-2.31598
3.75047,-2.32176
3.75625,-2.32753
3.76202,-2.3333
3.76779,-2.33908
3.77357,-2.34485
3.77934,-2.35062
3.78511,-2.3564
3.79089,-2.36217
3.79666,-2.36794
3.80243,-2.37372
3.80821,-2.37949
3.81398,-2.38527
3.81976,-2.39104
3.82553,-2.39681
3.8313,-2.40259
3.83708,-2.40836
3.84285,-2.41413
3.84862,-2.41991
3.8544,-2.42568
3.86017,-2.43145
3.86594,-2.43723
3.87172,-2.443
3.87749,-2.44877
3.88326,-2.45455
3.88904,-2.46032
3.89481,-2.46609
3.90058,-2.47187
3.90636,-2.47764
3.91213,-2.48341
3.9179,-2.48919
3.92368,-2.49496
3.92945,-2.50074
3.93523,-2.50651
3.941,-2.51228
3.94677,-2.51806
3.95255,-2.52383
3.95832,-2.5296
3.96409,-2.53538
3.96987,-2.54115
3.97564,-2.54692
3.98141,-2.5527
3.98719,-2.55847
3.99296,-2.56424
3.99873,-2.57002
4.00451,-2.57579
4.01028,-2.58156
4.01605,-2.58734
4.02183,-2.59311
4.0276,-2.59888
4.03337,-2.60466
4.03915,-2.61043
4.04492,-2.61621
4.0507,-2.62198
4.05647,-2.62775
4.06224,-2.63353
4.06802,-2.6393
4.07379,-2.64507
4.07956,-2.65085
4.08534,-2.65662
4.09111,-2.66239
4.09688,-2.66817
4.10266,-2.67394
4.10843,-2.67971
4.1142,-2.68549
4.11998,-2.69126
4.12575,-2.69703
4.13152,-2.70281
4.1373,-2.70858
4.14307,-2.71435
4.14884,-2.72013
4.15462,-2.7259
4.16039,-2.73168
4.16617,-2.73745
4.17194,-2.74322
4.17771,-2.749
4.18349,-2.75477
4.18926,-2.76054
4.19503,-2.76632
4.20081,-2.77209
4.20658,-2.77786
4.21235,-2.78364
4.21813,-2.78941
4.2239,-2.79518
4.22967,-2.80096
4.23545,-2.80673
4.24122,-2.8125
4.24699,-2.81828
4.25277,-2.82405
4.25854,-2.82982
4.26431,-2.8356
4.27009,-2.84137
4.27586,-2.84715
4.28164,-2.85292
4.28741,-2.85869
4.29318,-2.86447
4.29896,-2.87024
4.30473,-2.87601
4.3105,-2.88179
4.31628,-2.88756
4.32205,-2.89333
4.32782,-2.89911
4.3336,-2.90488
4.33937,-2.91065
4.34514,-2.91643
4.35092,-2.9222
4.35669,-2.92797
4.36246,-2.93375
4.36824,-2.93952
4.37401,-2.94529
4.37978,-2.95107
4.38556,-2.95684
4.39133,-2.96262
4.39711,-2.96839
4.40288,-2.97416
4.40865,-2.97994
4.41443,-2.98571
4.4202,-2.99148
4.42597,-2.99726
4.43175,-3.00303
4.43752,-3.0088
4.44329,-3.01458
4.44907,-3.02035
4.45484,-3.02612
4.46061,-3.0319
4.46639,-3.03767
4.47216,-3.04344
4.47793,-3.04922
4.48371,-3.05499
4.48948,-3.06076
4.49526,-3.06654
4.50103,-3.07231
4.5068,-3.07809
4.51258,-3.08386
4.51835,-3.08963
4.52412,-3.09541
4.5299,-3.10118
4.53567,-3.10695
4.54144,-3.11273
4.54722,-3.1185
4.55299,-3.12427
4.55876,-3.13005
4.56454,-3.13582
4.57031,-3.14159
4.57608,-3.14737
4.58186,-3.15314
4.58763,-3.15891
4.5934,-3.16469
4.59918,-3.17046
4.60495,-3.17624
4.61073,-3.18201
4.6165,-3.18778
4.62227,-3.19356
4.62805,-3.19933
4.63382,-3.2051
4.63959,-3.21088
4.64537,-3.21665
4.65114,-3.22242
4.65691,-3.2282
4.66269,-3.23397
4.66846,-3.23974
4.67423,-3.24552
4.68001,-3.25129
4.68578,-3.25706
4.69155,-3.26284
4.69733,-3.26861
4.7031,-3.27438
4.70887,-3.28016
4.71465,-3.28593
4.72042,-3.29171
4.7262,-3.29748
4.73197,-3.30325
4.73774,-3.30903
4.74352,-3.3148
4.74929,-3.32057
4.75506,-3.32635
4.76084,-3.33212
4.76661,-3.33789
4.77238,-3.34367
4.77816,-3.34944
4.78393,-3.35521
4.7897,-3.36099
4.79548,-3.36676
4.80125,-3.37253
4.80702,-3.37831
4.8128,-3.38408
4.81857,-3.38985
4.82434,-3.39563
4.83012,-3.4014
4.83589,-3.40718
4.84167,-3.41295
4.84744,-3.41872
4.85321,-3.4245
4.85899,-3.43027
4.86476,-3.43604
4.87053,-3.44182
4.87631,-3.44759
4.88208,-3.45336
4.88785,-3.45914
4.89363,-3.46491
4.8994,-3.47068
4.90517,-3.47646
4.91095,-3.48223
4.91672,-3.488
4.92249,-3.49378
4.92827,-3.49955
4.93404,-3.50532
4.93981,-3.5111
4.94559,-3.51687
4.95136,-3.52265
4.95714,-3.52842
4.96291,-3.53419
4.96868,-3.53997
4.97446,-3.54574
4.98023,-3.55151
4.986,-3.55729
4.99178,-3.56306
4.99755,-3.56883
5.00332,-3.57461
5.0091,-3.58038
5.01487,-3.58615
5.02064,-3.59193
5.02642,-3.5977
5.03219,-3.60347
5.03796,-3.60925
5.04374,-3.61502
5.04951,-3.62079
5.05528,-3.62657
5.06106,-3.63234
5.06683,-3.63812
5.07261,-3.64389
5.07838,-3.64966
5.08415,-3.65544
5.08993,-3.66121
5.0957,-3.66698
5.10147,-3.67276
5.10725,-3.67853
5.11302,-3.6843
5.11879,-3.69008
5.12457,-3.69585
5.13034,-3.70162
5.13611,-3.7074
5.14189,-3.71317
5.14766,-3.71894
5.15343,-3.72472
5.15921,-3.73049
5.16498,-3.73626
5.17075,-3.74204
5.17653,-3.74781
5.1823,-3.75359
5.18808,-3.75936
5.19385,-3.76513
5.19962,-3.77091
5.2054,-3.77668
5.21117,-3.78245
5.21694,-3.78823
5.22272,-3.794
5.22849,-3.79977
5.23426,-3.80555
5.24004,-3.81132
5.24581,-3.81709
5.25158,-3.82287
5.25736,-3.82864
5.26313,-3.83441
5.2689,-3.84019
5.27468,-3.84596
5.28045,-3.85173
5.28622,-3.85751
5.292,-3.86328
5.29777,-3.86906
5.30355,-3.87483
5.30932,-3.8806
5.31509,-3.88638
5.32087,-3.89215
5.32664,-3.89792
5.33241,-3.9037
5.33819,-3.90947
5.34396,-3.91524
5.34973,-3.92102
5.35551,-3.92679
5.36128,-3.93256
5.36705,-3.93834
5.37283,-3.94411
5.3786,-3.94988
5.38437,-3.95566
5.39015,-3.96143
5.39592,-3.9672
5.4017,-3.97298
5.40747,-3.97875
5.41324,-3.98453
5.41902,-3.9903
5.42479,-3.99607
5.43056,-4.00185
5.43634,-4.00762
5.44211,-4.01339
5.44788,-4.01917
5.45366,-4.02494
5.45943,-4.03071
5.4652,-4.03649
5.47098,-4.04226
5.47675,-4.04803
5.48252,-4.05381
5.4883,-4.05958
5.49407,-4.06535
5.49984,-4.07113
5.50562,-4.0769
5.51139,-4.08268
5.51717,-4.08845
5.52294,-4.09422
5.52871,-4.1
5.53449,-4.10577
5.54026,-4.11154
5.54603,-4.11732
5.55181,-4.12309
5.55758,-4.12886
5.56335,-4.13464
5.56913,-4.14041
5.5749,-4.14618
5.58067,-4.15196
5.58645,-4.15773
5.59222,-4.1635
5.59799,-4.16928
5.60377,-4.17505
5.60954,-4.18082
5.61531,-4.1866
5.62109,-4.19237
5.62686,-4.19815
5.63264,-4.20392
5.63841,-4.20969
5.64418,-4.21547
5.64996,-4.22124
5.65573,-4.22701
5.6615,-4.23279
5.66728,-4.23856
5.67305,-4.24433
5.67882,-4.25011
5.6846,-4.25588
5.69037,-4.26165
5.69614,-4.26743
5.70192,-4.2732
5.70769,-4.27897
5.71346,-4.28475
5.71924,-4.29052
5.72501,-4.29629
5.73078,-4.30207
5.73656,-4.30784
5.74233,-4.31362
5.74811,-4.31939
5.75388,-4.32516
5.75965,-4.33094
5.76543,-4.33671
5.7712,-4.34248
5.77697,-4.34826
5.78275,-4.35403
5.78852,-4.3598
5.79429,-4.36558
5.80007,-4.37135
5.80584,-4.37712
5.81161,-4.3829
5.81739,-4.38867
5.82316,-4.39444
5.82893,-4.40022
5.83471,-4.40599
5.84048,-4.41176
5.84625,-4.41754
5.85203,-4.42331
5.8578,-4.42909
5.86358,-4.43486
5.86935,-4.44063
5.87512,-4.44641
5.8809,-4.45218
5.88667,-4.45795
5.89244,-4.46373
5.89822,-4.4695
5.90399,-4.47527
5.90976,-4.48105
5.91554,-4.48682
5.92131,-4.49259
5.92708,-4.49837
5.93286,-4.50414
5.93863,-4.50991
5.9444,-4.51569
5.95018,-4.52146
5.95595,-4.52723
5.96172,-4.53301
5.9675,-4.53878
5.97327,-4.54456
5.97905,-4.55033
5.98482,-4.5561
5.99059,-4.56188
5.99637,-4.56765
6.00214,-4.57342
6.00791,-4.5792
6.01369,-4.58497
6.01946,-4.59074
6.02523,-4.59652
6.03101,-4.60229
6.03678,-4.60806
6.04255,-4.61384
6.04833,-4.61961
6.0541,-4.62538
6.05987,-4.63116
6.06565,-4.63693
6.07142,-4.6427
6.07719,-4.64848
6.08297,-4.65425
6.08874,-4.66003
6.09452,-4.6658
6.10029,-4.67157
6.10606,-4.67735
6.11184,-4.68312
6.11761,-4.68889
6.12338,-4.69467
6.12916,-4.70044
6.13493,-4.70621
6.1407,-4.71199
6.14648,-4.71776
6.15225,-4.72353
6.15802,-4.72931
6.1638,-4.73508
6.16957,-4.74085
6.17534,-4.74663
6.18112,-4.7524
6.18689,-4.75817
6.19266,-4.76395
6.19844,-4.76972
6.20421,-4.7755
6.20999,-4.78127
6.21576,-4.78704
6.22153,-4.79282
6.22731,-4.79859
6.23308,-4.80436
6.23885,-4.81014
6.24463,-4.81591
6.2504,-4.82168
6.25617,-4.82746
6.26195,-4.83323
6.26772,-4.839
6.27349,-4.84478
6.27927,-4.85055
6.28504,-4.85632
6.29081,-4.8621
6.29659,-4.86787
6.30236,-4.87364
6.30814,-4.87942
6.31391,-4.88519
6.31968,-4.89097
6.32546,-4.89674
6.33123,-4.90251
6.337,-4.90829
6.34278,-4.91406
6.34855,-4.91983
6.35432,-4.92561
6.3601,-4.93138
6.36587,-4.93715
6.37164,-4.94293
6.37742,-4.9487
6.38319,-4.95447
6.38896,-4.96025
6.39474,-4.96602
6.40051,-4.97179
6.40628,-4.97757
6.41206,-4.98334
6.41783,-4.98912
6.42361,-4.99489
6.42938,-5.00066
6.43515,-5.00644
6.44093,-5.01221
6.4467,-5.01798
6.45247,-5.02376
6.45825,-5.02953
6.46402,-5.0353
6.46979,-5.04108
6.47557,-5.04685
6.48134,-5.05262
6.48711,-5.0584
6.49289,-5.06417
6.49866,-5.06994
6.50443,-5.07572
6.51021,-5.08149
6.51598,-5.08726
6.52175,-5.09304
6.52753,-5.09881
6.5333,-5.10459
6.53908,-5.11036
6.54485,-5.11613
6.55062,-5.12191
6.5564,-5.12768
6.56217,-5.13345
6.56794,-5.13923
6.57372,-5.145
6.57949,-5.15077
6.58526,-5.15655
6.59104,-5.16232
6.59681,-5.16809
6.60258,-5.17387
6.60836,-5.17964
6.61413,-5.18541
6.6199,-5.19119
6.62568,-5.19696
6.63145,-5.20273
6.63722,-5.20851
6.643,-5.21428
6.64877,-5.22006
6.65455,-5.22583
6.66032,-5.2316
6.66609,-5.23738
6.67187,-5.24315
6.67764,-5.24892
6.68341,-5.2547
6.68919,-5.26047
6.69496,-5.26624
6.70073,-5.27202
6.70651,-5.27779
6.71228,-5.28356
6.71805,-5.28934
6.72383,-5.29511
6.7296,-5.30088
6.73537,-5.30666
6.74115,-5.31243
6.74692,-5.3182
6.75269,-5.32398
6.75847,-5.32975
6.76424,-5.33553
6.77002,-5.3413
6.77579,-5.34707
6.78156,-5.35285
6.78734,-5.35862
6.79311,-5.36439
6.79888,-5.37017
6.80466,-5.37594
6.81043,-5.38171
6.8162,-5.38749
6.82198,-5.39326
6.82775,-5.39903
6.83352,-5.40481
6.8393,-5.41058
6.84507,-5.41635
6.85084,-5.42213
6.85662,-5.4279
6.86239,-5.43367
6.86816,-5.43945
6.87394,-5.44522
6.87971,-5.451
6.88549,-5.45677
6.89126,-5.46254
6.89703,-5.46832
6.90281,-5.47409
6.90858,-5.47986
6.91435,-5.48564
6.92013,-5.49141
6.9259,-5.49718
6.93167,-5.50296
6.93745,-5.50873
6.94322,-5.5145
6.94899,-5.52028
6.95477,-5.52605
6.96054,-5.53182
6.96631,-5.5376
6.97209,-5.54337
6.97786,-5.54914
6.98363,-5.55492
6.98941,-5.56069
6.99518,-5.56647
7.00096,-5.57224
7.00673,-5.57801
7.0125,-5.58379
7.01828,-5.58956
7.02405,-5.59533
7.02982,-5.60111
7.0356,-5.60688
7.04137,-5.61265
7.04714,-5.61843
7.05292,-5.6242
7.05869,-5.62997
7.06446,-5.63575
7.07024,-5.64152
7.07601,-5.64729
7.08178,-5.65307
7.08756,-5.65884
7.09333,-5.66461
7.0991,-5.67039
7.10488,-5.67616
7.11065,-5.68194
7.11643,-5.68771
7.1222,-5.69348
7.12797,-5.69926
7.13375,-5.70503
7.13952,-5.7108
7.14529,-5.71658
7.15107,-5.72235
7.15684,-5.72812
7.16261,-5.7339
7.16839,-5.73967
7.17416,-5.74544
7.17993,-5.75122
7.18571,-5.75699
7.19148,-5.76276
7.19725,-5.76854
7.20303,-5.77431
7.2088,-5.78008
7.21458,-5.78586
7.22035,-5.79163
7.22612,-5.79741
7.2319,-5.80318
7.23767,-5.80895
7.24344,-5.81473
7.24922,-5.8205
7.25499,-5.82627
7.26076,-5.83205
7.26654,-5.83782
7.27231,-5.84359
7.27808,-5.84937
7.28386,-5.85514
7.28963,-5.86091
7.2954,-5.86669
7.30118,-5.87246
7.30695,-5.87823
7.31272,-5.88401
7.3185,-5.88978
7.32427,-5.89556
7.33005,-5.90133
7.33582,-5.9071
7.34159,-5.91288
7.34737,-5.91865
7.35314,-5.92442
7.35891,-5.9302
7.36469,-5.93597
7.37046,-5.94174
7.37623,-5.94752
7.38201,-5.95329
7.38778,-5.95906
7.39355,-5.96484
7.39933,-5.97061
7.4051,-5.97638
7.41087,-5.98216
7.41665,-5.98793
7.42242,-5.9937
7.42819,-5.99948
7.43397,-6.00525
7.43974,-6.01103
7.44552,-6.0168
7.45129,-6.02257
7.45706,-6.02835
7.46284,-6.03412
7.46861,-6.03989
7.47438,-6.04567
7.48016,-6.05144
7.48593,-6.05721
7.4917,-6.06299
7.49748,-6.06876
7.50325,-6.07453
7.50902,-6.08031
7.5148,-6.08608
7.52057,-6.09185
7.52634,-6.09763
7.53212,-6.1034
7.53789,-6.10917
7.54366,-6.11495
7.54944,-6.12072
7.55521,-6.1265
7.56099,-6.13227
7.56676,-6.13804
7.57253,-6.14382
7.57831,-6.14959
7.58408,-6.15536
7.58985,-6.16114
7.59563,-6.16691
7.6014,-6.17268
7.60717,-6.17846
7.61295,-6.18423
7.61872,-6.19
7.62449,-6.19578
7.63027,-6.20155
7.63604,-6.20732
7.64181,-6.2131
7.64759,-6.21887
7.65336,-6.22464
7.65913,-6.23042
7.66491,-6.23619
7.67068,-6.24197
7.67646,-6.24774
7.68223,-6.25351
7.688,-6.25929
7.69378,-6.26506
7.69955,-6.27083
7.70532,-6.27661
7.7111,-6.28238
7.71687,-6.28815
7.72264,-6.29393
7.72842,-6.2997
7.73419,-6.30547
7.73996,-6.31125
7.74574,-6.31702
7.75151,-6.32279
7.75728,-6.32857
7.76306,-6.33434
7.76883,-6.34011
7.7746,-6.34589
7.78038,-6.35166
7.78615,-6.35744
7.79193,-6.36321
7.7977,-6.36898
7.80347,-6.37476
7.80925,-6.38053
7.81502,-6.3863
7.82079,-6.39208
7.82657,-6.39785
7.83234,-6.40362
7.83811,-6.4094
7.84389,-6.41517
7.84966,-6.42094
7.85543,-6.42672
7.86121,-6.43249
7.86698,-6.43826
7.87275,-6.44404
7.87853,-6.44981
7.8843,-6.45558
7.89007,-6.46136
7.89585,-6.46713
7.90162,-6.47291
7.9074,-6.47868
7.91317,-6.48445
7.91894,-6.49023
7.92472,-6.496
7.93049,-6.50177
7.93626,-6.50755
7.94204,-6.51332
7.94781,-6.51909
7.95358,-6.52487
7.95936,-6.53064
7.96513,-6.53641
7.9709,-6.54219
7.97668,-6.54796
7.98245,-6.55373
7.98822,-6.55951
7.994,-6.56528
7.99977,-6.57105
8.00554,-6.57683
8.01132,-6.5826
8.01709,-6.58838
8.02287,-6.59415
8.02864,-6.59992
8.03441,-6.6057
8.04019,-6.61147
8.04596,-6.61724
8.05173,-6.62302
8.05751,-6.62879
8.06328,-6.63456
8.06905,-6.64034
8.07483,-6.64611
8.0806,-6.65188
8.08637,-6.65766
8.09215,-6.66343
8.09792,-6.6692
8.10369,-6.67498
8.10947,-6.68075
8.11524,-6.68653
8.12102,-6.6923
8.12679,-6.69807
8.13256,-6.70385
8.13834,-6.70962
8.14411,-6.71539
8.14988,-6.72117
8.15566,-6.72694
8.16143,-6.73271
8.1672,-6.73849
8.17298,-6.74426
8.17875,-6.75003
8.18452,-6.75581
8.1903,-6.76158
8.19607,-6.76735
8.20184,-6.77313
8.20762,-6.7789
8.21339,-6.78467
8.21916,-6.79045
8.22494,-6.79622
8.23071,-6.802
8.23649,-6.80777
8.24226,-6.81354
8.24803,-6.81932
8.25381,-6.82509
8.25958,-6.83086
8.26535,-6.83664
8.27113,-6.84241
8.2769,-6.84818
8.28267,-6.85396
8.28845,-6.85973
8.29422,-6.8655
8.29999,-6.87128
8.30577,-6.87705
8.31154,-6.88282
8.31731,-6.8886
8.32309,-6.89437
8.32886,-6.90014
8.33463,-6.90592
8.34041,-6.91169
8.34618,-6.91747
8.35196,-6.92324
8.35773,-6.92901
8.3635,-6.93479
8.36928,-6.94056
8.37505,-6.94633
8.38082,-6.95211
8.3866,-6.95788
8.39237,-6.96365
8.39814,-6.96943
8.40392,-6.9752
8.40969,-6.98097
8.41546,-6.98675
8.42124,-6.99252
8.42701,-6.99829
8.43278,-7.00407
8.43856,-7.00984
8.44433,-7.01561
8.4501,-7.02139
8.45588,-7.02716
8.46165,-7.03294
8.46743,-7.03871
8.4732,-7.04448
8.47897,-7.05026
8.48475,-7.05603
8.49052,-7.0618
8.49629,-7.06758
8.50207,-7.07335
8.50784,-7.07912
8.51361,-7.0849
8.51939,-7.09067
8.52516,-7.09644
8.53093,-7.10222
8.53671,-7.10799
8.54248,-7.11376
8.54825,-7.11954
8.55403,-7.12531
8.5598,-7.13108
8.56557,-7.13686
8.57135,-7.14263
8.57712,-7.14841
8.5829,-7.15418
8.58867,-7.15995
8.59444,-7.16573
8.60022,-7.1715
8.60599,-7.17727
8.61176,-7.18305
8.61754,-7.18882
8.62331,-7.19459
8.62908,-7.20037
8.63486,-7.20614
8.64063,-7.21191
8.6464,-7.21769
8.65218,-7.22346
8.65795,-7.22923
8.66372,-7.23501
8.6695,-7.24078
8.67527,-7.24655
8.68104,-7.25233
8.68682,-7.2581
8.69259,-7.26388
8.69837,-7.26965
8.70414,-7.27542
8.70991,-7.2812
8.71569,-7.28697
8.72146,-7.29274
8.72723,-7.29852
8.73301,-7.30429
8.73878,-7.31006
8.74455,-7.31584
8.75033,-7.32161
8.7561,-7.32738
8.76187,-7.33316
8.76765,-7.33893
8.77342,-7.3447
8.77919,-7.35048
8.78497,-7.35625
8.79074,-7.36202
8.79651,-7.3678
8.80229,-7.37357
8.80806,-7.37935
8.81384,-7.38512
8.81961,-7.39089
8.82538,-7.39667
8.83116,-7.40244
8.83693,-7.40821
8.8427,-7.41399
8.84848,-7.41976
8.85425,-7.42553
8.86002,-7.43131
8.8658,-7.43708
8.87157,-7.44285
8.87734,-7.44863
8.88312,-7.4544
8.88889,-7.46017
8.89466,-7.46595
8.90044,-7.47172
8.90621,-7.47749
8.91199,-7.48327
8.91776,-7.48904
8.92353,-7.49482
8.92931,-7.50059
8.93508,-7.50636
8.94085,-7.51214
8.94663,-7.51791
8.9524,-7.52368
8.95817,-7.52946
8.96395,-7.53523
8.96972,-7.541
8.97549,-7.54678
8.98127,-7.55255
8.98704,-7.55832
8.99281,-7.5641
8.99859,-7.56987
9.00436,-7.57564
9.01013,-7.58142
9.01591,-7.58719
9.02168,-7.59297
9.02746,-7.59874
9.03323,-7.60451
9.039,-7.61029
9.04478,-7.61606
9.05055,-7.62183
9.05632,-7.62761
9.0621,-7.63338
9.06787,-7.63915
9.07364,-7.64493
9.07942,-7.6507
9.08519,-7.65647
9.09096,-7.66225
9.09674,-7.66802
9.10251,-7.67379
9.10828,-7.67957
9.11406,-7.68534
9.11983,-7.69111
9.1256,-7.69689
9.13138,-7.70266
9.13715,-7.70844
9.14293,-7.71421
9.1487,-7.71998
9.15447,-7.72576
9.16025,-7.73153
9.16602,-7.7373
9.17179,-7.74308
9.17757,-7.74885
9.18334,-7.75462
9.18911,-7.7604
9.19489,-7.76617
9.20066,-7.77194
9.20643,-7.77772
9.21221,-7.78349
9.21798,-7.78926
9.22375,-7.79504
9.22953,-7.80081
9.2353,-7.80658
9.24107,-7.81236
9.24685,-7.81813
9.25262,-7.82391
9.2584,-7.82968
9.26417,-7.83545
9.26994,-7.84123
9.27572,-7.847
9.28149,-7.85277
9.28726,-7.85855
9.29304,-7.86432
9.29881,-7.87009
9.30458,-7.87587
9.31036,-7.88164
9.31613,-7.88741
9.3219,-7.89319
9.32768,-7.89896
9.33345,-7.90473
9.33922,-7.91051
9.345,-7.91628
9.35077,-7.92205
9.35654,-7.92783
9.36232,-7.9336
9.36809,-7.93938
9.37387,-7.94515
9.37964,-7.95092
9.38541,-7.9567
9.39119,-7.96247
9.39696,-7.96824
9.40273,-7.97402
9.40851,-7.97979
9.41428,-7.98556
9.42005,-7.99134
9.42583,-7.99711
9.4316,-8.00288
9.43737,-8.00866
9.44315,-8.01443
9.44892,-8.0202
9.45469,-8.02598
9.46047,-8.03175
9.46624,-8.03752
9.47201,-8.0433
9.47779,-8.04907
9.48356,-8.05485
9.48934,-8.06062
9.49511,-8.06639
9.50088,-8.07217
9.50666,-8.07794
9.51243,-8.08371
9.5182,-8.08949
9.52398,-8.09526
9.52975,-8.10103
9.53552,-8.10681
9.5413,-8.11258
9.54707,-8.11835
9.55284,-8.12413
9.55862,-8.1299
9.56439,-8.13567
9.57016,-8.14145
9.57594,-8.14722
9.58171,-8.15299
9.58748,-8.15877
9.59326,-8.16454
9.59903,-8.17032
9.60481,-8.17609
9.61058,-8.18186
9.61635,-8.18764
9.62213,-8.19341
9.6279,-8.19918
9.63367,-8.20496
9.63945,-8.21073
9.64522,-8.2165
9.65099,-8.22228
9.65677,-8.22805
9.66254,-8.23382
9.66831,-8.2396
9.67409,-8.24537
9.67986,-8.25114
9.68563,-8.25692
9.69141,-8.26269
9.69718,-8.26846
9.70295,-8.27424
9.70873,-8.28001
9.7145,-8.28579
9.72028,-8.29156
9.72605,-8.29733
9.73182,-8.30311
9.7376,-8.30888
9.74337,-8.31465
9.74914,-8.32043
9.75492,-8.3262
9.76069,-8.33197
9.76646,-8.33775
9.77224,-8.34352
9.77801,-8.34929
9.78378,-8.35507
9.78956,-8.36084
9.79533,-8.36661
9.8011,-8.37239
9.80688,-8.37816
9.81265,-8.38393
9.81843,-8.38971
9.8242,-8.39548
9.82997,-8.40126
9.83575,-8.40703
9.84152,-8.4128
9.84729,-8.41858
9.85307,-8.42435
9.85884,-8.43012
9.86461,-8.4359
9.87039,-8.44167
9.87616,-8.44744
9.88193,-8.45322
9.88771,-8.45899
9.89348,-8.46476
9.89925,-8.47054
9.90503,-8.47631
9.9108,-8.48208
9.91657,-8.48786
9.92235,-8.49363
9.92812,-8.49941
9.9339,-8.50518
9.93967,-8.51095
9.94544,-8.51673
9.95122,-8.5225
9.95699,-8.52827
9.96276,-8.53405
9.96854,-8.53982
9.97431,-8.54559
9.98008,-8.55137
9.98586,-8.55714
9.99163,-8.56291
9.9974,-8.56869
10.0032,-8.57446
10.009,-8.58023
10.0147,-8.58601
10.0205,-8.59178
10.0263,-8.59755
10.032,-8.60333
10.0378,-8.6091
10.0436,-8.61488
10.0494,-8.62065
10.0551,-8.62642
10.0609,-8.6322
10.0667,-8.63797
10.0725,-8.64374
10.0782,-8.64952
10.084,-8.65529
10.0898,-8.66106
10.0956,-8.66684
10.1013,-8.67261
10.1071,-8.67838
10.1129,-8.68416
10.1186,-8.68993
10.1244,-8.6957
10.1302,-8.70148
10.136,-8.70725
10.1417,-8.71302
10.1475,-8.7188
10.1533,-8.72457
10.1591,-8.73035
10.1648,-8.73612
10.1706,-8.74189
10.1764,-8.74767
10.1822,-8.75344
10.1879,-8.75921
10.1937,-8.76499
10.1995,-8.77076
10.2052,-8.77653
10.211,-8.78231
10.2168,-8.78808
10.2226,-8.79385
10.2283,-8.79963
10.2341,-8.8054
10.2399,-8.81117
10.2457,-8.81695
10.2514,-8.82272
10.2572,-8.82849
10.263,-8.83427
10.2688,-8.84004
10.2745,-8.84582
10.2803,-8.85159
10.2861,-8.85736
10.2919,-8.86314
10.2976,-8.86891
10.3034,-8.87468
10.3092,-8.88046
10.3149,-8.88623
10.3207,-8.892
10.3265,-8.89778
10.3323,-8.90355
10.338,-8.90932
10.3438,-8.9151
10.3496,-8.92087
10.3554,-8.92664
10.3611,-8.93242
10.3669,-8.93819
10.3727,-8.94396
10.3785,-8.94974
10.3842,-8.95551
10.39,-8.96129
10.3958,-8.96706
10.4015,-8.97283
10.4073,-8.97861
10.4131,-8.98438
10.4189,-8.99015
10.4246,-8.99593
10.4304,-9.0017
10.4362,-9.00747
10.442,-9.01325
10.4477,-9.01902
10.4535,-9.02479
10.4593,-9.03057
10.4651,-9.03634
10.4708,-9.04211
10.4766,-9.04789
10.4824,-9.05366
10.4882,-9.05943
10.4939,-9.06521
10.4997,-9.07098
10.5055,-9.07676
10.5112,-9.08253
10.517,-9.0883
10.5228,-9.09408
10.5286,-9.09985
10.5343,-9.10562
10.5401,-9.1114
10.5459,-9.11717
10.5517,-9.12294
10.5574,-9.12872
10.5632,-9.13449
10.569,-9.14026
10.5748,-9.14604
10.5805,-9.15181
10.5863,-9.15758
10.5921,-9.16336
10.5978,-9.16913
10.6036,-9.1749
10.6094,-9.18068
10.6152,-9.18645
10.6209,-9.19223
10.6267,-9.198
10.6325,-9.20377
10.6383,-9.20955
10.644,-9.21532
10.6498,-9.22109
10.6556,-9.22687
10.6614,-9.23264
10.6671,-9.23841
10.6729,-9.24419
10.6787,-9.24996
10.6845,-9.25573
10.6902,-9.26151
10.696,-9.26728
10.7018,-9.27305
10.7075,-9.27883
10.7133,-9.2846
10.7191,-9.29037
10.7249,-9.29615
10.7306,-9.30192
10.7364,-9.3077
10.7422,-9.31347
10.748,-9.31924
10.7537,-9.32502
10.7595,-9.33079
10.7653,-9.33656
10.7711,-9.34234
10.7768,-9.34811
10.7826,-9.35388
10.7884,-9.35966
10.7941,-9.36543
10.7999,-9.3712
10.8057,-9.37698
10.8115,-9.38275
10.8172,-9.38852
10.823,-9.3943
10.8288,-9.40007
10.8346,-9.40585
10.8403,-9.41162
10.8461,-9.41739
10.8519,-9.42317
10.8577,-9.42894
10.8634,-9.43471
10.8692,-9.44049
10.875,-9.44626
10.8807,-9.45203
10.8865,-9.45781
10.8923,-9.46358
10.8981,-9.46935
10.9038,-9.47513
10.9096,-9.4809
10.9154,-9.48667
10.9212,-9.49245
10.9269,-9.49822
10.9327,-9.50399
10.9385,-9.50977
10.9443,-9.51554
10.95,-9.52132
10.9558,-9.52709
10.9616,-9.53286
10.9674,-9.53864
10.9731,-9.54441
10.9789,-9.55018
10.9847,-9.55596
10.9904,-9.56173
10.9962,-9.5675
11.002,-9.57328
11.0078,-9.57905
11.0135,-9.58482
11.0193,-9.5906
11.0251,-9.59637
11.0309,-9.60214
11.0366,-9.60792
11.0424,-9.61369
11.0482,-9.61946
11.054,-9.62524
11.0597,-9.63101
11.0655,-9.63679
11.0713,-9.64256
11.077,-9.64833
11.0828,-9.65411
11.0886,-9.65988
11.0944,-9.66565
11.1001,-9.67143
11.1059,-9.6772
11.1117,-9.68297
11.1175,-9.68875
11.1232,-9.69452
11.129,-9.70029
11.1348,-9.70607
11.1406,-9.71184
11.1463,-9.71761
11.1521,-9.72339
11.1579,-9.72916
11.1637,-9.73493
11.1694,-9.74071
11.1752,-9.74648
11.181,-9.75226
11.1867,-9.75803
11.1925,-9.7638
11.1983,-9.76958
11.2041,-9.77535
11.2098,-9.78112
11.2156,-9.7869
11.2214,-9.79267
11.2272,-9.79844
11.2329,-9.80422
11.2387,-9.80999
11.2445,-9.81576
11.2503,-9.82154
11.256,-9.82731
11.2618,-9.83308
11.2676,-9.83886
11.2733,-9.84463
11.2791,-9.8504
11.2849,-9.85618
11.2907,-9.86195
11.2964,-9.86773
11.3022,-9.8735
11.308,-9.87927
11.3138,-9.88505
11.3195,-9.89082
11.3253,-9.89659
11.3311,-9.90237
11.3369,-9.90814
11.3426,-9.91391
11.3484,-9.91969
11.3542,-9.92546
11.36,-9.93123
11.3657,-9.93701
11.3715,-9.94278
11.3773,-9.94855
11.383,-9.95433
11.3888,-9.9601
11.3946,-9.96587
11.4004,-9.97165
11.4061,-9.97742
11.4119,-9.9832
11.4177,-9.98897
11.4235,-9.99474
11.4292,-10.0005
11.435,-10.0063
11.4408,-10.0121
11.4466,-10.0178
11.4523,-10.0236
11.4581,-10.0294
11.4639,-10.0352
11.4696,-10.0409
11.4754,-10.0467
11.4812,-10.0525
11.487,-10.0583
11.4927,-10.064
11.4985,-10.0698
11.5043,-10.0756
11.5101,-10.0813
11.5158,-10.0871
11.5216,-10.0929
11.5274,-10.0987
11.5332,-10.1044
11.5389,-10.1102
11.5447,-10.116
11.5505,-10.1218
11.5562,-10.1275
11.562,-10.1333
11.5678,-10.1391
11.5736,-10.1449
11.5793,-10.1506
11.5851,-10.1564
11.5909,-10.1622
11.5967,-10.1679
11.6024,-10.1737
11.6082,-10.1795
11.614,-10.1853
11.6198,-10.191
11.6255,-10.1968
11.6313,-10.2026
11.6371,-10.2084
11.6429,-10.2141
11.6486,-10.2199
11.6544,-10.2257
11.6602,-10.2315
11.6659,-10.2372
11.6717,-10.243
11.6775,-10.2488
11.6833,-10.2546
11.689,-10.2603
11.6948,-10.2661
11.7006,-10.2719
11.7064,-10.2776
11.7121,-10.2834
11.7179,-10.2892
11.7237,-10.295
11.7295,-10.3007
11.7352,-10.3065
11.741,-10.3123
11.7468,-10.3181
11.7525,-10.3238
11.7583,-10.3296
11.7641,-10.3354
11.7699,-10.3412
11.7756,-10.3469
11.7814,-10.3527
11.7872,-10.3585
11.793,-10.3642
11.7987,-10.37
11.8045,-10.3758
11.8103,-10.3816
11.8161,-10.3873
11.8218,-10.3931
11.8276,-10.3989
11.8334,-10.4047
11.8392,-10.4104
11.8449,-10.4162
11.8507,-10.422
11.8565,-10.4278
11.8622,-10.4335
11.868,-10.4393
11.8738,-10.4451
11.8796,-10.4508
11.8853,-10.4566
11.8911,-10.4624
11.8969,-10.4682
11.9027,-10.4739
11.9084,-10.4797
11.9142,-10.4855
11.92,-10.4913
11.9258,-10.497
11.9315,-10.5028
11.9373,-10.5086
11.9431,-10.5144
11.9488,-10.5201
11.9546,-10.5259
11.9604,-10.5317
11.9662,-10.5375
11.9719,-10.5432
11.9777,-10.549
11.9835,-10.5548
11.9893,-10.5605
11.995,-10.5663
12.0008,-10.5721
12.0066,-10.5779
12.0124,-10.5836
12.0181,-10.5894
12.0239,-10.5952
12.0297,-10.601
12.0355,-10.6067
12.0412,-10.6125
